repo_name,commit_hash,datetime,author,lines_of_code,delta,Bourne Shell,CSS,Dockerfile,HCL,HTML,INI,JSON,JavaScript,Jupyter Notebook,Markdown,PowerShell,Python,SVG,Text,TypeScript,YAML
AgentWorks,f9efa3f,2025-05-08 16:24:52,Mark Burhop,11159,11159,0,58,0,0,13,0,4733,152,0,1,0,0,0,0,6202,0
AgentWorks,b60eb9a,2025-05-08 16:44:52,Mark Burhop,11156,-3,0,58,0,0,13,0,4733,152,0,1,0,0,0,0,6199,0
AgentWorks,44683ed,2025-05-08 16:44:52,Mark Burhop,11156,0,0,58,0,0,13,0,4733,152,0,1,0,0,0,0,6199,0
AgentWorks,2ab5ae1,2025-05-08 16:48:09,Mark Burhop,11162,6,0,58,0,0,13,0,4733,152,0,1,0,0,0,0,6205,0
AgentWorks,ece5de1,2025-05-08 16:48:09,Mark Burhop,11162,0,0,58,0,0,13,0,4733,152,0,1,0,0,0,0,6205,0
AgentWorks,d8df58c,2025-05-08 16:52:37,Mark Burhop,11162,0,0,58,0,0,13,0,4733,152,0,1,0,0,0,0,6205,0
AgentWorks,ddaeac3,2025-05-08 16:52:37,Mark Burhop,11162,0,0,58,0,0,13,0,4733,152,0,1,0,0,0,0,6205,0
AgentWorks,4b532b4,2025-05-08 16:54:08,Mark Burhop,11162,0,0,58,0,0,13,0,4733,152,0,1,0,0,0,0,6205,0
AgentWorks,7435d96,2025-05-08 16:54:08,Mark Burhop,11162,0,0,58,0,0,13,0,4733,152,0,1,0,0,0,0,6205,0
AgentWorks,729378f,2025-05-08 16:58:03,Mark Burhop,11157,-5,0,58,0,0,13,0,4733,152,0,1,0,0,0,0,6200,0
AgentWorks,6b6bb7a,2025-05-08 16:58:03,Mark Burhop,11157,0,0,58,0,0,13,0,4733,152,0,1,0,0,0,0,6200,0
AgentWorks,19c2433,2025-05-09 11:36:57,Mark Burhop,11266,109,0,58,0,0,13,0,4733,152,0,110,0,0,0,0,6200,0
AgentWorks,78b4a65,2025-05-09 11:36:57,Mark Burhop,11266,0,0,58,0,0,13,0,4733,152,0,110,0,0,0,0,6200,0
AgentWorks,ef6bfda,2025-05-09 11:45:41,Mark Burhop,11264,-2,0,58,0,0,13,0,4733,152,0,108,0,0,0,0,6200,0
AgentWorks,42e4cc5,2025-05-09 11:45:41,Mark Burhop,11264,0,0,58,0,0,13,0,4733,152,0,108,0,0,0,0,6200,0
AgentWorks,e6fa2b3,2025-05-09 12:02:57,Mark Burhop,11268,4,0,58,0,0,13,0,4733,152,0,108,0,0,0,0,6204,0
AgentWorks,5b618fc,2025-05-09 12:02:57,Mark Burhop,11268,0,0,58,0,0,13,0,4733,152,0,108,0,0,0,0,6204,0
AgentWorks,4bfcf13,2025-05-09 13:03:52,Mark Burhop,11572,304,0,58,0,0,13,0,4733,152,0,108,0,0,0,0,6508,0
AgentWorks,ec94273,2025-05-09 13:03:52,Mark Burhop,11572,0,0,58,0,0,13,0,4733,152,0,108,0,0,0,0,6508,0
AgentWorks,f9f67f8,2025-05-09 13:14:59,Mark Burhop,11737,165,0,58,0,0,13,0,4733,152,0,108,0,0,0,0,6673,0
AgentWorks,a37934d,2025-05-09 13:14:59,Mark Burhop,11737,0,0,58,0,0,13,0,4733,152,0,108,0,0,0,0,6673,0
AgentWorks,ddbbe04,2025-05-09 13:16:02,Mark Burhop,11736,-1,0,58,0,0,13,0,4733,152,0,108,0,0,0,0,6672,0
AgentWorks,20f1eb5,2025-05-09 13:16:02,Mark Burhop,11736,0,0,58,0,0,13,0,4733,152,0,108,0,0,0,0,6672,0
AgentWorks,6919564,2025-05-09 13:18:43,Mark Burhop,11715,-21,0,58,0,0,13,0,4733,152,0,108,0,0,0,0,6651,0
AgentWorks,f9a4589,2025-05-09 13:18:43,Mark Burhop,11715,0,0,58,0,0,13,0,4733,152,0,108,0,0,0,0,6651,0
AgentWorks,faed390,2025-05-09 13:21:59,Mark Burhop,11586,-129,0,58,0,0,13,0,4733,152,0,108,0,0,0,0,6522,0
AgentWorks,eb947df,2025-05-09 13:21:59,Mark Burhop,11586,0,0,58,0,0,13,0,4733,152,0,108,0,0,0,0,6522,0
AgentWorks,90e6298,2025-05-09 13:23:47,Mark Burhop,11585,-1,0,58,0,0,13,0,4733,152,0,108,0,0,0,0,6521,0
AgentWorks,60913f5,2025-05-09 13:23:47,Mark Burhop,11585,0,0,58,0,0,13,0,4733,152,0,108,0,0,0,0,6521,0
AgentWorks,d0c6fcf,2025-05-09 13:26:30,Mark Burhop,11714,129,0,58,0,0,13,0,4733,152,0,108,0,0,0,0,6650,0
AgentWorks,10648c1,2025-05-09 13:26:30,Mark Burhop,11714,0,0,58,0,0,13,0,4733,152,0,108,0,0,0,0,6650,0
AgentWorks,aee01cb,2025-05-09 13:37:01,Mark Burhop,11714,0,0,58,0,0,13,0,4733,152,0,108,0,0,0,0,6650,0
AgentWorks,14b2466,2025-05-09 13:37:01,Mark Burhop,11714,0,0,58,0,0,13,0,4733,152,0,108,0,0,0,0,6650,0
AgentWorks,d14a93d,2025-05-23 09:18:55,burhop,11916,202,0,58,0,0,13,0,4733,152,0,108,0,0,0,0,6852,0
AgentWorks,09dc77c,2025-05-23 09:18:55,burhop,11916,0,0,58,0,0,13,0,4733,152,0,108,0,0,0,0,6852,0
AgentWorks,9d4b658,2025-05-23 12:59:44,burhop,12859,943,0,119,0,0,13,0,5130,199,0,108,0,0,0,0,7290,0
AgentWorks,4a2ddfd,2025-05-23 12:59:44,burhop,12859,0,0,119,0,0,13,0,5130,199,0,108,0,0,0,0,7290,0
AgentWorks,8d23b19,2025-05-27 16:18:49,burhop,12898,39,0,119,0,0,13,0,5130,199,0,108,0,0,0,0,7329,0
AgentWorks,eb11de6,2025-05-27 16:18:49,burhop,12898,0,0,119,0,0,13,0,5130,199,0,108,0,0,0,0,7329,0
AgentWorks,e028a04,2025-05-27 16:19:19,burhop,13450,552,0,119,0,0,13,0,5209,199,0,283,0,0,0,0,7627,0
AgentWorks,1aa719a,2025-05-27 16:19:19,burhop,13450,0,0,119,0,0,13,0,5209,199,0,283,0,0,0,0,7627,0
AgentWorks,ae3d868,2025-05-29 12:00:53,burhop,15199,1749,0,119,0,0,13,0,5209,199,0,283,0,0,0,0,9376,0
AgentWorks,625e86b,2025-05-29 12:00:53,burhop,15199,0,0,119,0,0,13,0,5209,199,0,283,0,0,0,0,9376,0
AgentWorks,1c55401,2025-05-29 12:29:55,burhop,15203,4,0,119,0,0,13,0,5209,199,0,283,0,0,0,0,9380,0
AgentWorks,ee18ff8,2025-05-29 12:29:55,burhop,15203,0,0,119,0,0,13,0,5209,199,0,283,0,0,0,0,9380,0
AgentWorks,ebad863,2025-05-29 12:36:46,burhop,54502,39299,0,119,0,0,13,0,44508,199,0,283,0,0,0,0,9380,0
AgentWorks,063c563,2025-05-29 12:36:46,burhop,54502,0,0,119,0,0,13,0,44508,199,0,283,0,0,0,0,9380,0
AgentWorks,e7500a3,2025-05-30 13:19:52,burhop,54502,0,0,119,0,0,13,0,44508,199,0,283,0,0,0,0,9380,0
AgentWorks,ba06552,2025-05-30 13:19:52,burhop,54502,0,0,119,0,0,13,0,44508,199,0,283,0,0,0,0,9380,0
AgentWorks,aa19e4c,2025-05-30 13:20:34,burhop,56408,1906,0,119,0,0,13,0,44731,199,0,640,0,0,0,0,10706,0
AgentWorks,ae1fe3d,2025-05-30 13:20:34,burhop,56408,0,0,119,0,0,13,0,44731,199,0,640,0,0,0,0,10706,0
AgentWorks,0a0600e,2025-06-02 13:35:50,burhop,56858,450,0,119,0,0,13,0,44731,199,0,640,0,0,0,0,11156,0
AgentWorks,fb0454b,2025-06-02 13:35:50,burhop,56858,0,0,119,0,0,13,0,44731,199,0,640,0,0,0,0,11156,0
AgentWorks,1c0efb9,2025-06-03 18:31:55,burhop,56883,25,0,119,0,0,13,0,44731,199,0,640,0,0,48,0,11133,0
AgentWorks,f9dc7fb,2025-06-03 18:31:55,burhop,56883,0,0,119,0,0,13,0,44731,199,0,640,0,0,48,0,11133,0
AgentWorks,76d0e27,2025-06-05 11:49:46,burhop,56902,19,0,119,19,0,13,0,44731,199,0,640,0,0,48,0,11133,0
AgentWorks,1ded4e7,2025-06-05 11:49:46,burhop,56902,0,0,119,19,0,13,0,44731,199,0,640,0,0,48,0,11133,0
AgentWorks,c04e8e3,2025-06-30 17:18:26,burhop,57384,482,156,119,31,81,13,0,44731,199,0,840,0,0,48,0,11135,31
AgentWorks,18cdf18,2025-06-30 17:18:26,burhop,57384,0,156,119,31,81,13,0,44731,199,0,840,0,0,48,0,11135,31
AgentWorks,d9fa4c1,2025-07-02 15:40:17,burhop,58191,807,186,119,19,81,13,0,44736,199,34,840,0,705,48,0,11135,76
AgentWorks,01f3c61,2025-07-02 15:42:12,burhop,60355,2164,281,119,41,102,13,0,44828,199,34,840,0,2639,48,0,11135,76
AgentWorks,1d027ae,2025-07-06 15:17:26,burhop,61007,652,281,119,41,102,13,0,44828,199,36,840,0,3266,48,0,11135,99
AgentWorks,1b4b261,2025-07-06 18:19:40,burhop,61007,0,281,119,40,102,13,0,44828,199,36,840,0,3267,48,0,11135,99
AgentWorks,8fe49eb,2025-07-07 15:00:07,burhop,61022,15,281,119,40,102,13,0,44828,199,35,840,0,3283,48,0,11135,99
AgentWorks,59bac0e,2025-07-07 15:00:49,burhop,61400,378,281,119,40,102,13,0,44828,199,35,840,0,3661,48,0,11135,99
AgentWorks,9c03e92,2025-07-07 15:03:39,burhop,61400,0,281,119,40,102,13,0,44828,199,35,840,0,3661,48,0,11135,99
AgentWorks,fa97616,2025-07-08 11:20:05,burhop,61462,62,350,119,33,102,13,0,44828,199,35,840,0,3661,48,0,11135,99
AgentWorks,55a8185,2025-07-08 11:24:40,burhop,61481,19,350,119,52,102,13,0,44828,199,35,840,0,3661,48,0,11135,99
aiserver,2eaa3e1,2024-11-06 11:09:50,Mark Burhop,2,2,0,0,0,0,0,0,0,0,0,2,0,0,0,0,0,0
aiserver,4277a49,2024-11-06 11:09:50,Mark Burhop,2,0,0,0,0,0,0,0,0,0,0,2,0,0,0,0,0,0
aiserver,88ac524,2024-11-06 12:50:14,burhop,5319,5317,0,3,0,0,13,0,4888,83,0,2,0,31,0,2,297,0
aiserver,74c2632,2024-11-06 12:50:14,burhop,5319,0,0,3,0,0,13,0,4888,83,0,2,0,31,0,2,297,0
aiserver,ff30046,2024-11-11 10:19:49,burhop,5324,5,0,3,0,0,13,0,4888,83,0,2,0,36,0,2,297,0
aiserver,9d7bd78,2024-11-11 10:19:49,burhop,5324,0,0,3,0,0,13,0,4888,83,0,2,0,36,0,2,297,0
aiserver,6d63ae7,2024-11-11 10:21:46,burhop,5324,0,0,3,0,0,13,0,4888,83,0,2,0,36,0,2,297,0
aiserver,e7d1953,2024-11-11 10:21:46,burhop,5324,0,0,3,0,0,13,0,4888,83,0,2,0,36,0,2,297,0
aiserver,a33cba7,2024-11-11 10:24:50,burhop,5324,0,0,3,0,0,13,0,4888,83,0,2,0,36,0,2,297,0
aiserver,2d18457,2024-11-11 10:24:50,burhop,5324,0,0,3,0,0,13,0,4888,83,0,2,0,36,0,2,297,0
aiserver,1df4d6d,2024-11-12 16:27:08,burhop,5333,9,0,3,0,0,13,0,4888,83,0,2,0,45,0,2,297,0
aiserver,3365f09,2024-11-12 16:27:08,burhop,5333,0,0,3,0,0,13,0,4888,83,0,2,0,45,0,2,297,0
aiserver,4607e1b,2024-11-13 16:49:15,burhop,5689,356,0,3,0,0,13,0,4888,83,0,2,0,260,0,2,438,0
aiserver,8ccf85f,2024-11-13 16:49:15,burhop,5689,0,0,3,0,0,13,0,4888,83,0,2,0,260,0,2,438,0
aiserver,d7369f9,2024-11-14 14:37:07,burhop,6001,312,0,3,0,0,319,0,4888,83,0,2,0,258,0,10,438,0
aiserver,20939f8,2024-11-14 14:37:07,burhop,6001,0,0,3,0,0,319,0,4888,83,0,2,0,258,0,10,438,0
aiserver,9b68935,2024-11-20 13:44:00,burhop,5989,-12,0,3,0,0,306,0,4888,83,0,3,0,258,0,10,438,0
aiserver,84b09de,2024-11-20 13:44:00,burhop,5989,0,0,3,0,0,306,0,4888,83,0,3,0,258,0,10,438,0
aiserver,81bfa55,2024-11-21 10:19:51,burhop,6366,377,0,3,0,0,306,0,4888,83,0,380,0,258,0,10,438,0
aiserver,7072c9f,2024-11-21 10:19:51,burhop,6366,0,0,3,0,0,306,0,4888,83,0,380,0,258,0,10,438,0
aiserver,301ba53,2024-12-06 09:41:50,burhop,7685,1319,0,3,0,0,356,0,4915,131,0,1146,0,686,0,10,438,0
aiserver,952d01f,2024-12-06 16:44:45,burhop,7844,159,0,3,0,0,356,0,4916,131,0,1146,0,844,0,10,438,0
aiserver,bfd9c93,2024-12-06 17:20:14,burhop,7844,0,0,3,0,0,356,0,4916,131,0,1146,0,844,0,10,438,0
aiserver,e208b11,2024-12-31 16:35:29,burhop,7902,58,0,3,43,0,356,0,4916,131,0,1146,0,844,0,13,438,12
aiserver,fd11bc2,2025-01-13 16:26:02,burhop,8014,112,0,3,45,0,356,0,4916,131,0,1256,0,844,0,13,438,12
aiserver,eda7277,2025-01-13 16:26:50,burhop,8274,260,0,3,45,0,356,0,4916,131,0,1502,0,844,0,14,438,25
aiserver,11ee825,2025-01-29 15:40:36,burhop,8295,21,21,3,45,0,356,0,4916,131,0,1502,0,844,0,14,438,25
aiserver,0f0de46,2025-01-29 15:42:02,burhop,8264,-31,21,3,45,0,356,0,4916,131,0,1471,0,844,0,14,438,25
aiserver,46e31b8,2025-01-29 15:45:23,burhop,8253,-11,21,3,45,0,356,0,4916,131,0,1460,0,844,0,14,438,25
aiserver,2b7fbe1,2025-01-29 15:45:53,burhop,8253,0,21,3,45,0,356,0,4916,131,0,1460,0,844,0,14,438,25
aiserver,7770f5d,2025-01-29 15:46:28,burhop,8272,19,21,3,46,0,356,0,4916,131,0,1460,0,844,0,14,438,43
aiserver,eb039ff,2025-01-29 17:15:09,burhop,8275,3,24,3,46,0,356,0,4916,131,0,1460,0,844,0,14,438,43
aiserver,24a2c88,2025-01-29 17:18:09,burhop,8276,1,24,3,46,0,356,0,4916,131,0,1461,0,844,0,14,438,43
aiserver,1b1e444,2025-01-29 17:27:12,burhop,8274,-2,22,3,46,0,356,0,4916,131,0,1461,0,844,0,14,438,43
aiserver,f0427fd,2025-01-30 09:23:32,burhop,8278,4,22,3,46,0,356,0,4916,131,0,1465,0,844,0,14,438,43
aiserver,def77f7,2025-01-30 10:18:06,burhop,8364,86,22,3,46,0,356,0,4916,131,0,1551,0,844,0,14,438,43
aiserver,cc9e62d,2025-01-30 10:21:05,burhop,8435,71,22,3,46,0,356,0,4916,131,0,1622,0,844,0,14,438,43
aiserver,8d0f7bc,2025-01-30 10:57:16,burhop,8435,0,22,3,46,0,356,0,4916,131,0,1622,0,844,0,14,438,43
aiserver,c9dc4e3,2025-02-28 13:47:00,burhop,8439,4,22,3,46,0,356,0,4920,131,0,1622,0,844,0,14,438,43
aiserver,8653cff,2025-02-28 13:47:50,burhop,8711,272,22,20,46,0,357,0,4942,183,0,1622,0,1024,0,14,438,43
aiserver,4e5b1e2,2025-03-03 11:46:21,burhop,8717,6,22,20,46,0,357,0,4942,183,0,1622,0,1030,0,14,438,43
aiserver,b750418,2025-03-03 15:09:57,burhop,8717,0,22,20,46,0,357,0,4942,183,0,1622,0,1030,0,14,438,43
aiserver,4fb2acd,2025-03-03 16:56:49,burhop,8729,12,22,20,46,0,357,0,4942,183,0,1622,0,1042,0,14,438,43
aiserver,b7d9c3b,2025-03-20 09:49:08,burhop,8818,89,22,20,46,0,357,0,4942,183,0,1622,0,1083,0,14,438,91
aiserver,1f03193,2025-03-22 14:47:36,burhop,8894,76,22,20,46,0,357,0,4942,183,76,1622,0,1083,0,14,438,91
aiserver,3b09316,2025-03-26 16:13:39,burhop,8898,4,22,20,46,0,357,0,4942,183,80,1622,0,1083,0,14,438,91
aiserver,1017626,2025-03-26 16:14:16,burhop,9003,105,22,20,46,0,357,0,4942,183,80,1622,0,1188,0,14,438,91
aiserver,a571565,2025-03-26 16:14:37,burhop,9004,1,22,20,46,0,357,0,4943,183,80,1622,0,1188,0,14,438,91
aiserver,318c6cd,2025-03-26 16:15:43,burhop,9029,25,22,20,46,0,357,0,4943,183,80,1622,0,1188,0,14,463,91
aiserver,e06a956,2025-03-26 16:58:39,burhop,9031,2,22,20,46,0,357,0,4943,183,80,1622,0,1188,0,14,463,93
aiserver,fac9341,2025-03-26 16:59:33,burhop,9099,68,22,20,46,0,357,0,4943,183,80,1622,0,1256,0,14,463,93
aiserver,82da586,2025-03-27 09:54:06,burhop,9099,0,22,20,46,0,357,0,4943,183,80,1622,0,1256,0,14,463,93
aiserver,4df1342,2025-03-27 11:23:14,burhop,9100,1,22,20,46,0,357,0,4943,183,80,1622,0,1256,0,14,463,94
aiserver,925f3ea,2025-03-28 10:17:19,burhop,9099,-1,22,20,46,0,357,0,4943,183,80,1622,0,1256,0,14,463,93
aiserver,16f72e8,2025-03-28 10:18:15,burhop,9100,1,22,20,46,0,357,0,4943,183,80,1622,0,1257,0,14,463,93
aiserver,a67db92,2025-03-28 10:18:55,burhop,9362,262,22,20,46,0,357,0,4943,183,221,1736,0,1264,0,14,463,93
aiserver,e418df2,2025-03-28 15:27:08,burhop,9369,7,22,20,46,0,357,0,4943,183,221,1736,0,1271,0,14,463,93
aiserver,060b5c7,2025-03-28 15:28:07,burhop,9363,-6,22,20,46,0,357,0,4943,183,221,1736,0,1265,0,14,463,93
aiserver,2264a65,2025-04-02 11:52:14,burhop,9650,287,22,20,46,0,357,0,4943,183,221,1887,0,1401,0,14,463,93
aiserver,cb92ad8,2025-04-03 10:37:26,burhop,9975,325,22,20,46,0,357,0,4943,183,221,2024,0,1589,0,14,463,93
aiserver,387e928,2025-04-06 17:39:10,burhop,10263,288,22,20,46,0,357,0,4943,183,221,2024,0,1877,0,14,463,93
aiserver,40ebe25,2025-04-06 17:39:58,burhop,10717,454,22,20,46,0,357,0,4943,183,221,2110,0,2196,0,20,463,136
aiserver,118a202,2025-04-07 17:58:06,burhop,10889,172,22,20,46,0,357,0,4943,183,221,2110,0,2368,0,20,463,136
aiserver,f6c0f2f,2025-04-21 10:51:44,burhop,10890,1,22,20,46,0,357,0,4943,183,221,2110,0,2368,0,20,463,137
aiserver,2046892,2025-04-21 14:16:08,burhop,10907,17,22,20,46,0,357,0,4943,183,221,2110,0,2385,0,20,463,137
aiserver,809ef09,2025-04-22 10:50:49,burhop,10893,-14,22,20,46,0,357,0,4943,183,221,2110,0,2371,0,20,463,137
aiserver,4eeb2a0,2025-04-24 17:56:53,burhop,11049,156,22,20,46,0,357,0,4943,183,221,2273,0,2364,0,20,463,137
aiserver,a43e81f,2025-06-07 17:29:10,burhop,10894,-155,22,20,47,0,357,0,4943,183,221,2110,0,2371,0,20,463,137
aiserver,9a1c512,2025-06-09 15:05:28,burhop,11124,230,22,20,46,0,357,0,4943,183,221,2273,0,2439,0,20,463,137
aiserver,ed41b9a,2025-06-10 13:45:56,burhop,10912,-212,22,20,47,0,357,0,4943,183,221,2110,0,2388,0,21,463,137
aiserver,e2b05c9,2025-06-10 13:50:58,burhop,11132,220,22,20,46,0,357,0,4943,183,221,2273,8,2439,0,20,463,137
aiserver,c3d28b9,2025-06-10 13:51:27,burhop,11132,0,22,20,46,0,357,0,4943,183,221,2273,8,2439,0,20,463,137
aiserver,954570f,2025-06-10 13:58:00,burhop,11151,19,22,20,47,0,357,0,4943,183,221,2273,8,2456,0,21,463,137
aiserver,f49a10f,2025-06-11 15:34:58,burhop,11132,-19,22,20,46,0,357,0,4943,183,221,2273,8,2439,0,20,463,137
aiserver,b474679,2025-06-11 15:36:12,burhop,11132,0,22,20,46,0,357,0,4943,183,221,2273,8,2439,0,20,463,137
aiserver,d1eb523,2025-06-11 15:41:52,burhop,11149,17,22,20,46,0,357,0,4943,183,221,2290,8,2439,0,20,463,137
aiserver,535335c,2025-06-11 15:46:03,Mark Burhop,11168,19,22,20,47,0,357,0,4943,183,221,2290,8,2456,0,21,463,137
aiserver,4f0e5c9,2025-06-17 10:36:42,burhop,11174,6,22,20,47,0,357,0,4943,183,221,2290,8,2456,0,27,463,137
aiserver,e68d075,2025-06-17 12:51:12,burhop,11175,1,22,20,47,0,357,0,4944,183,221,2290,8,2456,0,27,463,137
aiserver,c0fb886,2025-06-17 14:20:08,burhop,11177,2,22,20,47,0,357,0,4944,183,221,2290,8,2458,0,27,463,137
aiserver,b229d07,2025-06-18 17:20:16,burhop,11178,1,22,20,48,0,357,0,4944,183,221,2290,8,2458,0,27,463,137
aiserver,59b5506,2025-06-23 17:19:04,burhop,11177,-1,22,20,47,0,357,0,4944,183,221,2290,8,2458,0,27,463,137
aiserver,bc18f41,2025-06-23 17:26:22,burhop,11178,1,22,20,48,0,357,0,4944,183,221,2290,8,2458,0,27,463,137
ASTMApp,c5c03c0,2025-03-25 13:18:39,burhop,391791,391791,0,3,0,0,13,0,389789,40,0,1555,0,0,0,0,391,0
ASTMApp,0084069,2025-03-25 15:32:49,burhop,391904,113,0,3,0,0,13,0,389789,40,0,1668,0,0,0,0,391,0
ASTMApp,45880f1,2025-03-28 16:47:12,burhop,392615,711,0,3,0,0,13,0,390433,123,0,1555,0,66,0,2,420,0
ASTMApp,a7ea1e8,2025-03-31 15:04:21,burhop,392915,300,0,4,0,0,40,0,390232,137,0,1805,0,89,0,5,603,0
ASTMApp,8a33501,2025-03-31 15:11:36,burhop,392966,51,0,4,0,0,40,0,390232,137,0,1805,0,89,0,5,654,0
ASTMApp,3b2632c,2025-03-31 15:36:35,burhop,393016,50,0,4,0,0,40,0,390232,137,0,1805,0,134,0,10,654,0
ASTMApp,85e73a8,2025-04-02 14:08:21,burhop,393070,54,0,4,0,0,40,0,390232,137,0,1805,0,188,0,10,654,0
ASTMApp,ab573c8,2025-04-02 14:09:28,burhop,393351,281,0,4,0,0,40,0,390232,139,0,1805,0,305,0,10,816,0
ASTMApp,504b4cc,2025-04-03 09:43:16,burhop,393609,258,0,4,0,0,40,0,390232,139,0,1805,0,355,0,10,1024,0
ASTMApp,8d7659c,2025-04-06 17:41:50,burhop,394282,673,0,4,0,0,40,0,390232,90,0,1891,0,926,0,15,1084,0
ASTMApp,819ed71,2025-04-07 18:18:07,burhop,394396,114,0,4,0,0,40,0,390232,90,0,2005,0,926,0,15,1084,0
ASTMApp,0907fbd,2025-04-22 15:01:26,burhop,394397,1,0,4,0,0,26,0,390232,90,0,2005,0,931,0,15,1094,0
ASTMApp,f2dd970,2025-04-22 15:01:40,burhop,394396,-1,0,3,0,0,26,0,390232,90,0,2005,0,931,0,15,1094,0
ASTMApp,3bb3e1b,2025-04-24 17:58:06,burhop,480596,86200,0,3,0,0,26,0,390245,90,0,88162,0,856,0,15,1199,0
ASTMApp,6b9a85d,2025-04-25 09:45:53,burhop,480596,0,0,3,0,0,26,0,390245,90,0,88162,0,856,0,15,1199,0
ASTMApp,9e9cebc,2025-05-01 10:55:04,burhop,480602,6,0,3,0,0,26,0,390245,90,0,88162,0,862,0,15,1199,0
ASTMApp,9a6dc83,2025-06-05 11:51:33,burhop,391923,-88679,0,3,19,0,13,0,389789,40,0,1668,0,0,0,0,391,0
ASTMApp,c0beb12,2025-06-08 22:29:21,burhop,480621,88698,0,3,19,0,26,0,390245,90,0,88162,0,862,0,15,1199,0
ASTMApp,51a1a16,2025-06-10 13:48:52,burhop,480621,0,0,3,19,0,26,0,390245,90,0,88162,0,862,0,15,1199,0
ASTMApp,ae2e8ad,2025-06-11 16:48:24,burhop,480602,-19,0,3,0,0,26,0,390245,90,0,88162,0,862,0,15,1199,0
ASTMApp,faeb09f,2025-06-11 17:34:34,burhop,480602,0,0,3,0,0,26,0,390245,90,0,88162,0,862,0,15,1199,0
ASTMApp,90942fe,2025-06-11 17:35:07,burhop,480598,-4,0,3,0,0,26,0,390245,90,0,88162,0,862,0,15,1195,0
ASTMApp,6e86f97,2025-06-11 17:46:28,burhop,480616,18,0,3,0,0,26,0,390245,90,0,88162,0,863,0,15,1212,0
ASTMApp,94c56ea,2025-06-11 17:47:59,Mark Burhop,480635,19,0,3,19,0,26,0,390245,90,0,88162,0,863,0,15,1212,0
ASTMApp,1f3457e,2025-06-13 10:27:07,burhop,480620,-15,0,3,0,0,26,0,390245,90,0,88162,0,867,0,15,1212,0
ASTMApp,81a0552,2025-06-13 11:11:46,burhop,480770,150,0,4,37,0,40,0,390245,139,0,88162,0,927,0,17,1199,0
ASTMApp,fa946d5,2025-06-13 11:15:04,burhop,480785,15,0,4,37,0,40,0,390245,139,0,88162,0,929,0,17,1212,0
ASTMApp,2d6af4d,2025-06-13 11:16:57,burhop,480622,-163,0,4,19,0,26,0,390245,90,0,88162,0,862,0,15,1199,0
ASTMApp,e4850a5,2025-06-13 11:17:41,burhop,480636,14,0,4,19,0,40,0,390245,90,0,88162,0,862,0,15,1199,0
ASTMApp,e1f8e60,2025-06-13 11:21:05,burhop,480791,155,0,5,37,0,45,0,390245,139,0,88162,0,929,0,17,1212,0
ASTMApp,6346023,2025-06-16 15:46:12,burhop,480752,-39,0,4,0,0,40,0,390245,139,0,88162,0,935,0,15,1212,0
ASTMApp,18c9196,2025-06-16 15:50:09,burhop,480841,89,0,5,37,0,40,0,390245,188,0,88162,0,935,0,17,1212,0
ASTMApp,b3ba98f,2025-06-23 13:53:09,burhop,480844,3,0,5,37,0,40,0,390245,188,0,88162,0,938,0,17,1212,0
ASTMApp,10d0d7f,2025-06-23 13:53:30,burhop,480845,1,0,5,37,0,40,0,390245,188,0,88162,0,939,0,17,1212,0
ASTMApp,e953850,2025-06-26 15:23:07,burhop,480845,0,0,5,37,0,40,0,390245,188,0,88162,0,939,0,17,1212,0
HDFTools,5969188,2025-05-18 13:28:42,burhop,0,0,0,0,0,0,0,0,0,0,0,0,0,0,0,0,0,0
HDFTools,30fd2d7,2025-05-18 13:35:16,burhop,876,876,0,0,0,0,0,0,0,0,0,212,0,664,0,0,0,0
HDFTools,b02f4e3,2025-05-18 13:35:30,burhop,930,54,0,0,0,0,0,0,0,0,0,212,0,718,0,0,0,0
HDFTools,6b12b1f,2025-05-20 11:41:36,burhop,1256,326,0,0,0,0,0,0,0,0,0,212,0,1044,0,0,0,0
HDFTools,62d57d4,2025-05-22 09:57:43,burhop,1280,24,0,0,0,0,0,0,0,0,0,236,0,1044,0,0,0,0
HDFTools,0aeb029,2025-05-22 10:43:01,burhop,2480,1200,0,0,0,0,0,0,0,0,0,236,0,2244,0,0,0,0
HDFTools,f381283,2025-05-22 14:17:55,burhop,1911,-569,0,0,0,0,0,0,0,0,0,235,0,1676,0,0,0,0
HDFTools,8d61d79,2025-05-22 14:18:48,burhop,2717,806,0,0,0,0,0,9,0,0,0,344,0,2364,0,0,0,0
HDFTools,079bcdd,2025-05-22 16:43:48,burhop,3032,315,0,0,0,0,0,9,0,0,0,344,0,2679,0,0,0,0
HDFTools,4b5f184,2025-05-22 16:59:55,burhop,3284,252,0,0,0,0,0,9,0,0,0,585,0,2679,0,11,0,0
HDFTools,15275a2,2025-05-27 10:47:18,burhop,3067,-217,0,0,0,0,0,9,0,0,0,585,0,2462,0,11,0,0
HDFTools,d24ba2a,2025-05-27 10:59:32,burhop,3145,78,0,0,0,0,0,9,0,0,0,585,0,2540,0,11,0,0
HDFTools,e35b932,2025-05-27 14:48:21,burhop,3145,0,0,0,0,0,0,9,0,0,0,585,0,2540,0,11,0,0
HDFTools,badebd4,2025-06-02 13:37:39,burhop,3704,559,0,0,0,0,0,9,0,0,0,863,0,2821,0,11,0,0
HDFTools,28dd3ed,2025-06-05 11:12:22,burhop,3385,-319,0,0,0,0,0,9,0,0,0,701,0,2664,0,11,0,0
HDFTools,2a46380,2025-06-05 11:20:22,burhop,4103,718,0,0,0,0,0,9,0,0,0,1012,0,3071,0,11,0,0
HDFTools,daa19db,2025-06-05 11:20:56,burhop,4066,-37,0,0,0,0,0,9,0,0,0,975,0,3071,0,11,0,0
HDFTools,7da3890,2025-06-05 11:30:27,burhop,3741,-325,0,0,0,0,0,9,0,0,0,863,0,2858,0,11,0,0
HDFTools,7f3f7cc,2025-06-05 11:33:47,burhop,4092,351,0,0,0,0,0,9,0,0,0,975,0,3097,0,11,0,0
FlaskHDF,35be3e9,2025-05-23 10:31:20,burhop,64,64,0,0,0,0,37,0,0,0,0,19,0,7,0,1,0,0
FlaskHDF,244c705,2025-05-23 10:32:37,burhop,64,0,0,0,0,0,37,0,0,0,0,19,0,7,0,1,0,0
FlaskHDF,c0cd142,2025-05-23 10:38:44,burhop,64,0,0,0,0,0,37,0,0,0,0,19,0,7,0,1,0,0
FlaskHDF,83e1ad2,2025-05-23 10:41:42,burhop,64,0,0,0,0,0,37,0,0,0,0,19,0,7,0,1,0,0
FlaskHDF,3b83ccd,2025-05-23 11:30:43,burhop,311,247,0,0,0,0,37,2,0,0,0,60,0,209,0,3,0,0
FlaskHDF,866f038,2025-05-23 11:31:45,burhop,311,0,0,0,0,0,37,2,0,0,0,60,0,209,0,3,0,0
FlaskHDF,53d484f,2025-05-27 10:17:22,burhop,552,241,0,0,0,0,37,2,0,0,0,235,0,275,0,3,0,0
FlaskHDF,2bcdc1b,2025-05-29 12:30:33,burhop,669,117,0,0,0,0,37,2,0,0,0,302,0,325,0,3,0,0
FlaskHDF,8228af0,2025-06-02 13:38:48,burhop,671,2,0,0,0,0,37,2,0,0,0,302,0,327,0,3,0,0
FlaskHDF,a101f50,2025-06-05 11:07:14,Mark Burhop,669,-2,0,0,0,0,37,2,0,0,0,302,0,325,0,3,0,0
FlaskHDF,f098480,2025-06-05 11:35:45,burhop,671,2,0,0,0,0,37,2,0,0,0,302,0,327,0,3,0,0
FlaskHDF,aac33a6,2025-06-07 17:28:43,burhop,685,14,0,0,7,0,37,2,0,0,0,302,0,330,0,7,0,0
